{"assets/fonts/Montserrat-Regular.ttf":["assets/fonts/Montserrat-Regular.ttf"],"assets/images/.DS_Store":["assets/images/.DS_Store"],"assets/images/BottomBlack.png":["assets/images/BottomBlack.png"],"assets/images/LogoWTxt.png":["assets/images/LogoWTxt.png"],"assets/images/LogoWTxtSmaller.png":["assets/images/LogoWTxtSmaller.png"],"assets/images/MapPinDropoff.png":["assets/images/MapPinDropoff.png"],"assets/images/MapPinPickup.png":["assets/images/MapPinPickup.png"],"assets/images/SplashBottom.png":["assets/images/SplashBottom.png"],"assets/images/UserProfileDefault.png":["assets/images/UserProfileDefault.png"],"assets/images/car.png":["assets/images/car.png"],"assets/images/marker.png":["assets/images/marker.png"],"assets/images/marker1.png":["assets/images/marker1.png"],"assets/images/paytm.png":["assets/images/paytm.png"],"assets/images/pin.png":["assets/images/pin.png"],"assets/images/pin1.png":["assets/images/pin1.png"],"assets/images/razorpay.png":["assets/images/razorpay.png"],"packages/cupertino_icons/assets/CupertinoIcons.ttf":["packages/cupertino_icons/assets/CupertinoIcons.ttf"],"packages/flutter_google_places_hoc081098/assets/google_black.png":["packages/flutter_google_places_hoc081098/assets/google_black.png"],"packages/flutter_google_places_hoc081098/assets/google_white.png":["packages/flutter_google_places_hoc081098/assets/google_white.png"],"packages/fluttertoast/assets/toastify.css":["packages/fluttertoast/assets/toastify.css"],"packages/fluttertoast/assets/toastify.js":["packages/fluttertoast/assets/toastify.js"]}